IP Address,Hits
138.197.64.71,26
44.225.84.206,20
44.224.22.196,20
66.249.75.40,19
66.249.75.38,18
203.244.212.28,14
66.249.75.42,14
210.94.41.89,10
64.233.172.10,9
64.233.172.6,8
18.27.197.252,7
183.98.233.92,7
66.102.9.168,7
64.233.172.8,7
211.174.55.156,6
1.246.80.132,6
211.204.15.57,6
58.87.61.203,6
218.144.174.170,6
221.155.97.69,6
211.244.71.74,6
118.37.70.240,6
27.122.242.71,6
221.144.86.228,6
211.104.171.214,6
27.117.167.4,6
211.200.178.141,6
106.251.233.178,6
121.172.26.250,6
121.126.244.129,6
218.145.224.175,6
221.133.55.119,6
202.76.244.5,6
221.140.57.201,6
222.107.113.225,6
125.129.121.58,6
66.102.9.170,6
121.134.136.92,6
66.102.8.229,6
67.212.187.106,6
211.189.163.250,5
66.102.9.166,5
35.193.3.132,4
66.249.81.202,4
23.100.232.233,4
166.125.251.10,3
221.133.55.100,3
166.125.253.10,3
119.192.136.101,3
148.64.56.71,3
1.216.137.212,3
40.77.167.158,3
66.249.81.198,3
66.102.8.231,3
66.102.8.233,3
66.249.87.136,2
77.75.77.11,2
13.209.251.242,2
100.43.90.120,2
198.108.67.80,2
77.75.76.166,2
34.234.83.219,2
77.75.79.109,2
128.14.134.134,2
64.233.172.22,2
66.102.9.182,2
66.249.81.200,2
66.249.81.214,2
91.242.162.17,2
123.30.175.234,2
35.200.93.7,2
77.75.76.170,2
106.38.241.114,2
46.229.168.153,2
60.8.196.162,2
113.121.45.236,2
123.156.182.82,2
117.57.85.17,2
60.183.109.44,2
114.106.150.101,2
112.195.201.158,2
115.85.206.247,2
119.5.144.93,2
60.188.42.241,2
1.180.167.73,2
112.231.144.177,2
114.103.168.148,2
54.162.102.36,2
66.249.83.86,2
66.102.8.247,2
222.108.25.252,1
13.112.99.21,1
198.108.66.192,1
205.185.127.36,1
61.73.76.193,1
211.63.24.123,1
40.77.167.50,1
199.249.230.67,1
211.236.62.58,1
175.195.197.190,1
46.229.168.135,1
46.229.168.136,1
40.77.190.112,1
103.35.168.170,1
172.105.23.36,1
54.198.46.11,1
46.229.168.161,1
66.102.9.186,1
64.233.172.24,1
66.102.9.184,1
207.46.13.37,1
5.189.142.121,1
46.229.168.130,1
114.106.150.12,1
140.224.98.226,1
117.37.72.56,1
49.82.28.2,1
75.11.32.88,1
66.249.83.83,1
178.236.120.32,1
66.249.84.38,1
66.249.84.58,1
17.58.102.34,1
46.229.168.140,1
46.229.168.142,1
102.23.245.50,1
